﻿<?xml version="1.0" encoding="utf-8"?>
<ArrayOfMatchModel xmlns:xsi="http://www.w3.org/2001/XMLSchema-instance" xmlns:xsd="http://www.w3.org/2001/XMLSchema">
  <MatchModel>
    <MatchID>1</MatchID>
    <StartTime>PT11H</StartTime>
    <LeagueID>1</LeagueID>
    <HomeTeamID>4</HomeTeamID>
    <AwayTeamID>3</AwayTeamID>
    <Result>0:0</Result>
    <League>
      <LeagueID>1</LeagueID>
      <LeagueName>Australia NPL New South Wales</LeagueName>
    </League>
    <HomeTeam>
      <TeamID>4</TeamID>
      <TeamName>Heidelberg United U21 </TeamName>
    </HomeTeam>
    <AwayTeam>
      <TeamID>3</TeamID>
      <TeamName>Green Gully U21</TeamName>
    </AwayTeam>
  </MatchModel>
  <MatchModel>
    <MatchID>2</MatchID>
    <StartTime>PT12H10M</StartTime>
    <LeagueID>2</LeagueID>
    <HomeTeamID>1</HomeTeamID>
    <AwayTeamID>1003</AwayTeamID>
    <Result>1:0</Result>
    <League>
      <LeagueID>2</LeagueID>
      <LeagueName>Australia Victoria U21 League</LeagueName>
    </League>
    <HomeTeam>
      <TeamID>1</TeamID>
      <TeamName>St George City FA</TeamName>
    </HomeTeam>
    <AwayTeam>
      <TeamID>1003</TeamID>
      <TeamName>time1</TeamName>
    </AwayTeam>
  </MatchModel>
  <MatchModel>
    <MatchID>3</MatchID>
    <StartTime>PT10H20M5S</StartTime>
    <LeagueID>1004</LeagueID>
    <HomeTeamID>1004</HomeTeamID>
    <AwayTeamID>1005</AwayTeamID>
    <Result>3:1</Result>
    <League>
      <LeagueID>1004</LeagueID>
      <LeagueName>Barut</LeagueName>
    </League>
    <HomeTeam>
      <TeamID>1004</TeamID>
      <TeamName>barut1</TeamName>
    </HomeTeam>
    <AwayTeam>
      <TeamID>1005</TeamID>
      <TeamName>barut2</TeamName>
    </AwayTeam>
  </MatchModel>
  <MatchModel>
    <MatchID>1002</MatchID>
    <StartTime>PT16H5M</StartTime>
    <LeagueID>2002</LeagueID>
    <HomeTeamID>2002</HomeTeamID>
    <AwayTeamID>2003</AwayTeamID>
    <Result>0:0</Result>
    <League>
      <LeagueID>2002</LeagueID>
      <LeagueName>Severna Korea</LeagueName>
    </League>
    <HomeTeam>
      <TeamID>2002</TeamID>
      <TeamName>Mango1</TeamName>
    </HomeTeam>
    <AwayTeam>
      <TeamID>2003</TeamID>
      <TeamName>Mango2</TeamName>
    </AwayTeam>
  </MatchModel>
</ArrayOfMatchModel>